"","Sig1","Sig2","Sig3"
"A[C>A]A",0.16420125040306,0.613794691821868,0.371451410742908
"A[C>A]C",0.145756459194686,0.393350570939546,0.380267543422852
"A[C>A]G",1.40295381004433e-11,1.75941177860089e-11,0.56943881209117
"A[C>A]T",2.92708508703023e-11,0.445216199750586,5.16143351295728e-11
"C[C>A]A",2.7022639085508e-16,0.820883193234283,0.938650565956994
"C[C>A]C",0.337658556205707,1.82297782839495,2.46206850050604e-16
"C[C>A]G",1.34293346501766e-05,0.737047429963872,0.185741448682284
"C[C>A]T",0.110155613608139,2.0341627606021,2.46206850050604e-16
"G[C>A]A",4.03340114799152e-09,0.920750470500048,0.376864787934688
"G[C>A]C",1.66546404461802e-11,1.80847232239721,0.395514307888799
"G[C>A]G",6.41110130187202e-11,0.67548159573287,3.81323577303355e-11
"G[C>A]T",1.16886045982999e-11,1.10771267677229,0.80708960475206
"T[C>A]A",0.0591929525825305,0.486054112547287,0.275045673006696
"T[C>A]C",2.7022639085508e-16,1.03859205682554,0.938779646679609
"T[C>A]G",0.0177404039744989,0.18918846348589,2.46206850050604e-16
"T[C>A]T",0.286739232037285,0.778552545320882,0.210068402231481
"A[C>G]A",2.86435021531462e-11,0.251025074129626,1.56881926239665e-11
"A[C>G]C",5.02566468735517e-11,6.86363942952129e-12,0.260416648649817
"A[C>G]G",0.00687347967138658,2.56344381174623e-16,0.216643522720964
"A[C>G]T",2.18615296262408e-07,2.56344381174623e-16,0.462137841066835
"C[C>G]A",2.60601323372469e-11,0.0874758732192256,0.208137388095206
"C[C>G]C",7.51144446893271e-12,0.251224003713262,2.34928494953166e-11
"C[C>G]G",7.27762118711031e-11,0.0854197254874497,0.0664235292952056
"C[C>G]T",2.7022639085508e-16,0.116213652441114,0.561370474268802
"G[C>G]A",0.0381934290784795,0.0661605975633576,1.72321443605729e-11
"G[C>G]C",0.0171074239524734,0.227460350968513,0.127847166270823
"G[C>G]G",1.01850914480421e-11,1.44043110127195e-11,0.135570942677687
"G[C>G]T",2.07056952528829e-11,1.6126366351801e-11,0.81477357044332
"T[C>G]A",1.32896719327213e-11,0.127210108757647,0.650809418766319
"T[C>G]C",4.85730219531195e-12,0.274126379047712,0.29469773746305
"T[C>G]G",2.4866477378527e-11,2.34343438859261e-11,2.26991787355469e-11
"T[C>G]T",2.37186330441887e-09,0.23582976311965,0.796650221131186
"A[C>T]A",0.390964685451419,0.247750445119512,0.180885380759476
"A[C>T]C",0.0703418286913889,0.676861767965418,0.201997587271396
"A[C>T]G",3.19720242032841,0.492816628762104,2.46206850050604e-16
"A[C>T]T",0.11920029057514,0.149036469980659,0.365998028231408
"C[C>T]A",0.581400626837265,0.147455942954837,0.675276607349629
"C[C>T]C",0.504470832105784,9.00232428877809e-11,0.301816319386949
"C[C>T]G",2.6569194060763,0.765721315538458,0.587902195491645
"C[C>T]T",0.440135855657088,0.103193272649936,0.0590660276708893
"G[C>T]A",0.310895307073074,0.467805729606199,0.141836811712398
"G[C>T]C",1.0838388402556,2.56344381174623e-16,0.787652305232729
"G[C>T]G",4.32326034589943,0.61661757870853,2.46206850050604e-16
"G[C>T]T",0.631852397569218,2.56344381174623e-16,0.333181503899468
"T[C>T]A",0.883903259974544,0.484667575784905,0.36990382229581
"T[C>T]C",0.21658754508715,0.302258163381361,0.55916910861275
"T[C>T]G",2.68572297243811,1.88248706526128e-11,4.19026620270269e-11
"T[C>T]T",7.64312331727423e-15,0.194147017179233,0.41024772024616
"A[T>A]A",0.111024710251398,1.51642443178544e-11,5.99934615354029e-12
"A[T>A]C",0.150492929516864,0.0155731062785251,0.00563455167387722
"A[T>A]G",0.170388963526212,2.48815952792704e-11,1.58155154790735e-08
"A[T>A]T",0.141244973949377,0.118013482037719,5.07568977859886e-11
"C[T>A]A",3.23340343709423e-12,0.0945593265893402,0.0520975190483156
"C[T>A]C",0.158068705505592,0.169463223062713,0.115916992643568
"C[T>A]G",2.7022639085508e-16,0.199828858510954,0.351646278463979
"C[T>A]T",9.50722022633041e-11,4.30875967783373e-11,0.420396319431482
"G[T>A]A",0.0375998444109583,0.23061342047523,2.46206850050604e-16
"G[T>A]C",0.0463455397927931,0.081761346085584,2.89818979414197e-08
"G[T>A]G",2.7022639085508e-16,0.130814026992383,0.179614058788921
"G[T>A]T",6.48921759082731e-11,3.07835747827733e-12,0.194548589912869
"T[T>A]A",0.142331361484332,3.48984545744048e-13,0.0413907990331964
"T[T>A]C",4.15513354497263e-11,1.62436861591931e-11,0.507733309560681
"T[T>A]G",0.0530898671061097,0.035446295656138,0.0896577760536659
"T[T>A]T",0.0559107020197525,2.56344381174623e-16,0.203746307708258
"A[T>C]A",0.0286417787294673,0.331428196708562,0.0876675425688138
"A[T>C]C",0.253475593303115,0.0768321486496128,0.123520046309242
"A[T>C]G",0.456276712362006,5.89194215636436e-12,2.4274393139927e-11
"A[T>C]T",0.181133537696617,0.278181530361642,2.41438190082047e-12
"C[T>C]A",0.144721191525481,2.63659166561825e-11,4.77839348797245e-12
"C[T>C]C",0.251306716394067,6.06834166285837e-06,0.30734633688755
"C[T>C]G",0.501717745497045,0.206621770503193,0.234925900399294
"C[T>C]T",1.86758844485777e-11,5.7239792467914e-11,0.596087607153938
"G[T>C]A",0.423343367343915,0.0147902362391316,0.253993149022412
"G[T>C]C",0.547332331059668,0.091973633508495,1.10520805141062e-12
"G[T>C]G",0.213835621523818,0.0199331087052639,0.310739930412386
"G[T>C]T",0.47775089105841,7.41514000931714e-12,7.39105549949741e-11
"T[T>C]A",0.182956077036245,2.56344381174623e-16,0.352510349492061
"T[T>C]C",0.00398711812833684,2.56344381174623e-16,0.378158138585396
"T[T>C]G",0.23616149022123,2.22112664974435e-12,4.2212471864008e-11
"T[T>C]T",0.124270143383109,8.61592563016019e-12,1.24473051649583e-11
"A[T>G]A",1.58759869451046e-10,0.0952274622446695,1.70318342404394e-11
"A[T>G]C",0.00513518986958967,4.45843930745594e-13,0.049516614637561
"A[T>G]G",0.0365474425252048,0.020402126343465,1.20844752777217e-11
"A[T>G]T",0.187450301784176,5.08634456948855e-11,1.04241391347138e-11
"C[T>G]A",5.68159750592504e-12,0.152921706494349,1.09830714604311e-11
"C[T>G]C",0.000731235960054208,2.56344381174623e-16,0.52801543532623
"C[T>G]G",0.0765962270934089,0.179914660069739,0.307324332834034
"C[T>G]T",0.137686240714758,2.56344381174623e-16,1.0011568741582
"G[T>G]A",3.41481018629533e-12,0.295916850447159,6.84113257507322e-11
"G[T>G]C",0.0450035232112361,0.0342262351923809,5.01957281643913e-12
"G[T>G]G",4.05870493492742e-14,0.229854790075366,0.134948570292346
"G[T>G]T",2.23833240527804e-11,1.68972868861003e-11,0.316779317491042
"T[T>G]A",8.30210887466464e-12,2.37354770677921e-11,0.0502335384303956
"T[T>G]C",1.47657817597628e-11,1.35632651671842e-11,0.00606060610327702
"T[T>G]G",0.00359011777839088,0.0873266816056309,0.109956286239608
"T[T>G]T",3.43333177401516e-11,3.36849710657883e-11,0.368530892608019
