"","Sig1","Sig2","Sig3","Sig4"
"A[C>A]A",5.82723379881406e-06,0.625544839453742,0.523896686280296,1.62112727343441e-16
"A[C>A]C",0.0348029753547569,0.393212331553163,0.330748413667857,0.160610852981308
"A[C>A]G",1.43876465155409e-12,7.7416451100172e-12,0.424381645909927,0.145057166203685
"A[C>A]T",4.48565983575443e-11,0.18783740382195,1.14929862520459e-11,0.257378795953173
"C[C>A]A",2.00133464549063e-16,0.409143393242081,0.796522334116863,0.553868031832334
"C[C>A]C",7.14795764668006e-11,2.16063638450597,1.89446787825743e-16,2.32131504459375e-11
"C[C>A]G",8.90324716161279e-06,0.397846550786173,0.114478661747918,0.410468192199555
"C[C>A]T",1.48781041128297e-11,1.85986228101694,1.00288917254107e-11,0.284456093168397
"G[C>A]A",2.00133464549063e-16,0.445296165396111,0.809856995496508,0.0424621015755193
"G[C>A]C",2.00133464549063e-16,1.24977048820032,0.692835280983684,0.261380861118658
"G[C>A]G",7.40223861743792e-12,0.102543476182695,0.572938119639988,5.02922789318223e-12
"G[C>A]T",2.00133464549063e-16,0.973820508754682,0.31636734089598,0.624614431885378
"T[C>A]A",2.01279784877103e-11,0.333783863042868,0.289554208653122,0.196954666420395
"T[C>A]C",2.00133464549063e-16,0.992110769005809,0.88290766538176,0.102353269117579
"T[C>A]G",1.55412467071777e-10,0.206928867301604,2.32835406013354e-12,1.04475687653064e-12
"T[C>A]T",0.10774191735785,0.873356303468327,1.57807687037774e-11,0.294261958747692
"A[C>G]A",2.75105854831909e-12,0.251025073962232,3.42864223480251e-11,1.74689353053779e-10
"A[C>G]C",1.58098937454744e-11,1.10553871653902e-11,3.45263797055147e-11,0.260416648645547
"A[C>G]G",1.49203077745886e-11,9.94648262104266e-12,0.0431702722429453,0.180346730124539
"A[C>G]T",8.85647333334687e-11,3.41508669060381e-11,0.462138059542822,1.65927624431282e-11
"C[C>G]A",6.821770784168e-12,0.158795906397821,0.136817354898832,3.70176554808317e-11
"C[C>G]C",0.0344928985789915,2.12328004750784e-11,0.216731105144042,1.62112727343441e-16
"C[C>G]G",4.41837684374838e-12,0.151843254715198,1.31193879054214e-10,4.62137797311988e-12
"C[C>G]T",2.00133464549063e-16,0.0918166295313343,0.269951454695131,0.315816042483452
"G[C>G]A",0.00440627407924579,2.93005696068156e-11,0.0999477525503355,1.87533481499814e-13
"G[C>G]C",0.0179933404590413,0.115208494257873,0.239213106474894,1.62112727343441e-16
"G[C>G]G",4.39574732387708e-12,5.97718414721616e-12,0.0477887929331134,0.0877821497587905
"G[C>G]T",2.15771320772444e-11,1.88853314879487e-11,0.814773570437035,2.65465275505335e-12
"T[C>G]A",3.68132650243526e-11,5.62886689744854e-11,0.778019527430536,1.36166480779851e-11
"T[C>G]C",2.00133464549063e-16,0.0745512074910337,0.420127562973699,0.0741453460508874
"T[C>G]G",2.04206507737398e-11,1.94247154063492e-11,1.7969474766089e-11,1.31851590538222e-11
"T[C>G]T",0.0736259964394198,0.19752846319551,0.118055027083082,0.643270499904689
"A[C>T]A",0.332726920869401,0.297464008413098,0.18940958204791,1.62112727343441e-16
"A[C>T]C",0.00319684221613692,0.434129469263426,0.51187487244864,1.62112727343441e-16
"A[C>T]G",3.1271470055571,0.562872043533412,1.89446787825743e-16,1.62112727343441e-16
"A[C>T]T",0.174039071140828,0.125853222529547,0.334342495116834,1.62112727343441e-16
"C[C>T]A",0.568376270567617,1.97829553956196e-16,0.66277108538241,0.172985821191704
"C[C>T]C",0.518537481650289,1.53782949954784e-11,1.30437802185587e-15,0.287749669917088
"C[C>T]G",2.45555819677741,0.630323130284693,0.918858812681031,0.00580277736326608
"C[C>T]T",0.48773755500764,0.0952898688522224,0.0193677321157535,2.29822858466495e-12
"G[C>T]A",0.30919993019369,0.611337918192764,5.21825134823109e-12,1.62112727343441e-16
"G[C>T]C",0.955022187320944,1.97829553956196e-16,0.473304347941609,0.443164610225777
"G[C>T]G",3.98922614646659,0.950651778141379,1.89446787825743e-16,1.62112727343441e-16
"G[C>T]T",0.538264796088675,1.97829553956196e-16,2.77649113759256e-11,0.426769105352248
"T[C>T]A",0.768569686357054,0.479051374708629,0.435034956693977,0.0558186402956012
"T[C>T]C",0.244827144262699,0.142859042939455,0.54155851784809,0.148770112031018
"T[C>T]G",1.80310549587777,0.563543331204698,0.319074145416376,1.62112727343441e-16
"T[C>T]T",2.00133464549063e-16,0.166002815811865,0.371637431675556,0.0667544899379802
"A[T>A]A",0.111024693609567,1.66514657892497e-08,4.17114150696627e-12,7.35765322897439e-12
"A[T>A]C",0.0706775796637519,1.36935886664977e-11,3.84339557294934e-12,0.101023007787978
"A[T>A]G",0.0991441270489398,1.08422928201449e-11,0.071244852305942,8.85213244595215e-13
"A[T>A]T",0.109097444985249,0.107842953007319,0.0423180580295761,1.57087539399019e-11
"C[T>A]A",5.89592184069029e-13,0.0632456916155033,8.99953811504369e-12,0.083411154015797
"C[T>A]C",0.0565194686157428,1.60483591914949e-11,1.89446787825743e-16,0.386929452580083
"C[T>A]G",2.00133464549063e-16,1.01372340971886e-10,0.260071548367638,0.291403588505924
"C[T>A]T",1.29103298585324e-11,1.39208801492005e-11,1.71745891124427e-11,0.420396319525637
"G[T>A]A",7.78211148792915e-11,0.20579687577184,7.83309190111633e-13,0.062416389035744
"G[T>A]C",0.0225266773396592,0.0654870967748363,8.4058651251065e-12,0.0400931407373739
"G[T>A]G",2.00133464549063e-16,0.106765571373248,0.0894933344775256,0.11416917993053
"G[T>A]T",2.09265937790743e-11,1.03713484614555e-11,8.77432711369078e-12,0.194548589940767
"T[T>A]A",0.109851901056219,5.56455264166348e-12,0.0738702594550746,1.01982387317753e-12
"T[T>A]C",7.94739148305385e-12,5.22278674398528e-12,0.226669692018983,0.281063617586324
"T[T>A]G",0.0422573804405798,1.40424801225097e-11,1.89446787825743e-16,0.135936558361291
"T[T>A]T",3.75700410804965e-10,1.04749945064124e-11,0.201202959387794,0.0584540499540406
"A[T>C]A",1.1540690783419e-06,0.224515558901622,0.223220804979896,5.6247070913137e-11
"A[T>C]C",0.215301593498257,0.0670882991555493,0.171437895608164,1.62112727343441e-16
"A[T>C]G",0.456276712334728,8.52008758438139e-12,4.14486162958378e-11,7.4768966313213e-12
"A[T>C]T",0.033326476616515,0.318679206886326,2.09878638293939e-12,0.107309384555733
"C[T>C]A",0.0923748523830878,1.00959618828335e-11,9.23889830547663e-13,0.0523463391625177
"C[T>C]C",0.151776301532095,1.97829553956196e-16,0.201986185563529,0.204896634527657
"C[T>C]G",0.466719595403339,0.197717828783726,0.0383949488660862,0.240433043346383
"C[T>C]T",1.73534522604746e-11,1.29923158177341e-11,1.06645917195712e-11,0.596087607188844
"G[T>C]A",0.249138500126419,1.97829553956196e-16,0.44298825247904,1.62112727343441e-16
"G[T>C]C",0.550596263011993,0.088709701552981,3.43971436867704e-12,8.54793098727595e-13
"G[T>C]G",0.12612948601399,1.97829553956196e-16,0.0930204069247023,0.325358767702777
"G[T>C]T",0.27698194742384,4.38158773958792e-12,0.200768943711515,1.62112727343441e-16
"T[T>C]A",0.166703709138904,1.97829553956196e-16,0.368762717389402,1.62112727343441e-16
"T[T>C]C",0.0197559120322224,2.94276907936467e-13,6.07666318321304e-13,0.362389344680609
"T[T>C]G",0.116943600506631,2.14718217404183e-12,0.119217889756886,1.62112727343441e-16
"T[T>C]T",0.124270143371143,1.45177755847346e-11,5.6139672675768e-12,1.28977014392792e-11
"A[T>G]A",0.0116352577280749,1.14515262072593e-11,0.0835922046771573,3.77756629670794e-12
"A[T>G]C",0.00571680771352962,5.14126463569137e-12,3.30883064824928e-12,0.0489349967856169
"A[T>G]G",4.68348149661228e-11,1.65961287754685e-10,0.0569495686662283,1.73002510886446e-12
"A[T>G]T",0.139721673762278,0.047728628069191,1.72717698725314e-12,1.22675545644499e-11
"C[T>G]A",3.98351753656859e-12,0.0669681796506376,0.0859535268554464,9.45894569859382e-13
"C[T>G]C",2.07396094276172e-10,1.98724323513101e-12,0.346929637155116,0.181817033921786
"C[T>G]G",0.00163067972024407,0.127006380911564,1.89446787825743e-16,0.435198159365374
"C[T>G]T",4.42431441375983e-10,1.97829553956196e-16,1.89446787825743e-16,1.13884311443053
"G[T>G]A",2.00133464549063e-16,0.179695829396008,4.81704317818664e-12,0.11622102111816
"G[T>G]C",0.0459210584038612,0.0333086999881103,6.99264806969177e-12,9.67258736992012e-12
"G[T>G]G",2.00133464549063e-16,0.212318018758508,7.90750693697136e-12,0.152485341601338
"G[T>G]T",6.17309697712998e-12,1.00419548301464e-11,0.192033904360633,0.124745413153475
"T[T>G]A",6.56495222268762e-12,1.59750270097634e-11,1.64933145055771e-11,0.0502335384234001
"T[T>G]C",8.8996942165861e-12,1.42099901055425e-11,9.86763338661302e-12,0.00606060609862876
"T[T>G]G",8.93057524048172e-11,7.05832676409966e-12,0.200873085527265,1.62112727343441e-16
"T[T>G]T",1.20066520857335e-11,2.20629725922138e-11,7.90835009851975e-12,0.36853089263406
