"","TUMOR_1","TUMOR_10","TUMOR_10_dbgap","TUMOR_11","TUMOR_11_dbgap","TUMOR_13","TUMOR_14","TUMOR_14_dbgap","TUMOR_15","TUMOR_15_dbgap","TUMOR_16","TUMOR_16_dbgap","TUMOR_18_dbgap","TUMOR_19_dbgap","TUMOR_2","TUMOR_20_dbgap","TUMOR_21_dbgap","TUMOR_22_dbgap","TUMOR_24_dbgap","TUMOR_25_dbgap","TUMOR_26_dbgap","TUMOR_27_dbgap","TUMOR_28_dbgap","TUMOR_29_dbgap","TUMOR_3","TUMOR_30_dbgap","TUMOR_31_dbgap","TUMOR_32_dbgap","TUMOR_33_dbgap","TUMOR_36_dbgap","TUMOR_37_dbgap","TUMOR_38_dbgap","TUMOR_39_dbgap","TUMOR_4","TUMOR_4_dbgap","TUMOR_40_dbgap","TUMOR_41_dbgap","TUMOR_42_dbgap","TUMOR_43_dbgap","TUMOR_44_dbgap","TUMOR_45_dbgap","TUMOR_47_dbgap","TUMOR_48_dbgap","TUMOR_49_dbgap","TUMOR_5","TUMOR_5_dbgap","TUMOR_51_dbgap","TUMOR_52_dbgap","TUMOR_53_dbgap","TUMOR_58_dbgap","TUMOR_59_dbgap","TUMOR_6","TUMOR_60_dbgap","TUMOR_61_dbgap","TUMOR_62_dbgap","TUMOR_63_dbgap","TUMOR_64_dbgap","TUMOR_65_dbgap","TUMOR_67_dbgap","TUMOR_68_dbgap","TUMOR_69_dbgap","TUMOR_7","TUMOR_7_dbgap","TUMOR_74_dbgap","TUMOR_75_dbgap","TUMOR_76_dbgap","TUMOR_8","TUMOR_8_dbgap","TUMOR_80_dbgap","TUMOR_9","TUMOR_9_dbgap"
"CA A.A",0,0.0555555555555556,0,0,0,0,0.0140845070422535,0,0.0526315789473684,0.1,0.0588235294117647,0.0041407867494824,0.0465116279069767,0,0,0.04,0,0,0,0.0303030303030303,0,0,0,0,0,0,0,0,0,0.0175438596491228,0.0140845070422535,0.0048780487804878,0.0357142857142857,0,0,0.0384615384615385,0,0.0625,0.027027027027027,0.0212765957446809,0.0555555555555556,0.05,0,0,0,0.0416666666666667,0,0,0,0.025974025974026,0.0149253731343284,0,0,0.107142857142857,0.037037037037037,0,0,0,0,0,0,0.0606060606060606,0,0.00245098039215686,0.0185185185185185,0.0625,0,0,0,0.0303030303030303,0.0192307692307692
"CA A.C",0.0416666666666667,0,0.0625,0,0,0,0,0,0.0526315789473684,0,0,0.0020703933747412,0,0,0,0,0.0062111801242236,0.0344827586206897,0,0.0303030303030303,0,0,0,0,0,0,0,0,0,0.0175438596491228,0.028169014084507,0,0,0,0.0384615384615385,0,0.0344827586206897,0,0.0810810810810811,0,0,0,0.0384615384615385,0,0.105263157894737,0.0833333333333333,0,0,0,0.012987012987013,0.0149253731343284,0.04,0.00324675324675325,0,0,0,0.0256410256410256,0,0.0625,0,0,0,0,0.00245098039215686,0,0.0625,0,0,0,0,0.0384615384615385
"CA A.G",0.0416666666666667,0,0,0,0,0.025,0,0,0.0526315789473684,0.05,0,0,0,0,0,0,0,0,0,0.0151515151515152,0,0,0,0,0,0,0,0,0.0222222222222222,0,0,0,0,0,0,0,0,0.0625,0,0,0.0555555555555556,0,0,0.05,0,0,0,0,0,0.025974025974026,0.0149253731343284,0,0,0,0,0,0,0,0,0,0,0.0303030303030303,0.0454545454545455,0,0,0,0,0,0.0588235294117647,0,0.0192307692307692
"CA A.T",0,0,0,0,0,0,0.0140845070422535,0.024390243902439,0,0,0,0.0062111801242236,0.0465116279069767,0,0,0,0.0062111801242236,0,0,0,0,0.05,0,0.0285714285714286,0,0,0,0,0.0222222222222222,0.0175438596491228,0.0140845070422535,0,0,0,0,0,0.0344827586206897,0,0.027027027027027,0.0106382978723404,0,0,0,0,0,0,0,0,0,0,0.0298507462686567,0,0.00324675324675325,0,0,0,0,0,0,0,0,0,0.0909090909090909,0,0,0,0,0,0,0,0.0192307692307692
"CA C.A",0.0833333333333333,0,0,0.2,0,0.025,0.0140845070422535,0.024390243902439,0.0526315789473684,0,0,0.0020703933747412,0.0232558139534884,0.0263157894736842,0.0909090909090909,0.04,0.0062111801242236,0,0,0,0.0666666666666667,0.1,0,0.0571428571428571,0,0.00606060606060606,0.0625,0.0666666666666667,0.0222222222222222,0.0175438596491228,0.0422535211267606,0,0.0357142857142857,0.0416666666666667,0,0.0384615384615385,0.0344827586206897,0,0.027027027027027,0.0531914893617021,0.111111111111111,0,0.0384615384615385,0,0,0,0,0,0.0625,0,0,0.04,0.00324675324675325,0,0.037037037037037,0,0,0,0.0625,0,0,0,0.0454545454545455,0.00245098039215686,0,0,0.0666666666666667,0,0,0.0303030303030303,0
"CA C.C",0.0416666666666667,0.111111111111111,0,0,0.0508474576271186,0,0,0.024390243902439,0,0,0.0588235294117647,0.0144927536231884,0.0232558139534884,0,0,0.08,0.0186335403726708,0.0689655172413793,0,0,0,0,0,0.171428571428571,0,0.00606060606060606,0.1875,0.166666666666667,0.0222222222222222,0,0.126760563380282,0,0.0178571428571429,0,0,0.115384615384615,0,0.0625,0.0810810810810811,0.0425531914893617,0,0.1,0.115384615384615,0,0,0.0833333333333333,0,0.0526315789473684,0.0625,0.025974025974026,0.0149253731343284,0,0.012987012987013,0.0357142857142857,0,0.0526315789473684,0,0.0434782608695652,0,0,0,0,0.0454545454545455,0.00490196078431373,0.0185185185185185,0,0,0,0,0,0
"CA C.G",0,0,0,0,0.0169491525423729,0,0,0.024390243902439,0,0,0,0.0041407867494824,0.0232558139534884,0,0,0.04,0.0186335403726708,0,0,0,0,0,0,0.0571428571428571,0.025,0,0,0.1,0,0.0350877192982456,0,0.00975609756097561,0,0,0.0384615384615385,0.0384615384615385,0,0,0,0,0.0555555555555556,0,0,0.05,0,0.0416666666666667,0,0,0,0,0,0,0.00974025974025974,0,0,0,0,0,0,0.0625,0,0.0303030303030303,0.0909090909090909,0.00245098039215686,0,0.0625,0.0666666666666667,0.0192307692307692,0,0,0
"CA C.T",0,0,0,0,0.135593220338983,0,0.028169014084507,0.024390243902439,0,0,0,0.0372670807453416,0.0232558139534884,0.0263157894736842,0,0,0.031055900621118,0,0.05,0.0151515151515152,0,0,0,0.0285714285714286,0,0.0303030303030303,0.0625,0.0666666666666667,0,0,0.0563380281690141,0.0048780487804878,0.0535714285714286,0,0.0384615384615385,0.0384615384615385,0.103448275862069,0,0.162162162162162,0.074468085106383,0.0555555555555556,0.05,0.153846153846154,0,0,0.125,0,0,0,0.012987012987013,0,0.04,0.0681818181818182,0.0714285714285714,0.037037037037037,0.0526315789473684,0,0,0.0625,0.0625,0.08,0,0,0.0147058823529412,0.0185185185185185,0.0625,0.0666666666666667,0,0,0,0.0192307692307692
"CA G.A",0,0.0555555555555556,0,0,0.0169491525423729,0.1,0.028169014084507,0,0,0,0,0.0041407867494824,0.0232558139534884,0.0263157894736842,0,0.08,0.0124223602484472,0,0,0,0,0,0,0.0285714285714286,0.025,0.00606060606060606,0,0.0333333333333333,0.0222222222222222,0.0526315789473684,0.0422535211267606,0,0.0357142857142857,0,0.0384615384615385,0,0.0689655172413793,0.0625,0.027027027027027,0.0319148936170213,0.0555555555555556,0,0,0,0.0526315789473684,0,0,0,0,0.012987012987013,0,0.04,0.00974025974025974,0.0357142857142857,0,0,0,0,0.125,0,0,0.0303030303030303,0.0454545454545455,0,0,0,0,0.0192307692307692,0,0.0303030303030303,0.0192307692307692
"CA G.C",0.0416666666666667,0,0.0625,0,0.0169491525423729,0.05,0.028169014084507,0.024390243902439,0.0526315789473684,0,0,0.0020703933747412,0.0465116279069767,0.0526315789473684,0.0454545454545455,0.04,0.0124223602484472,0,0.05,0.0151515151515152,0.0666666666666667,0.05,0,0.0571428571428571,0,0.00606060606060606,0,0.133333333333333,0,0.0175438596491228,0.0563380281690141,0.00975609756097561,0.0178571428571429,0,0,0,0.0689655172413793,0.0625,0,0.0638297872340425,0,0,0.0384615384615385,0,0,0,0,0.105263157894737,0,0.025974025974026,0,0.04,0.00649350649350649,0.178571428571429,0.148148148148148,0.105263157894737,0.0256410256410256,0,0.0625,0.125,0.08,0.0303030303030303,0,0.00490196078431373,0,0,0,0.0384615384615385,0,0,0.0384615384615385
"CA G.G",0,0,0,0,0,0.025,0.028169014084507,0,0,0,0,0.0020703933747412,0.0232558139534884,0.0263157894736842,0,0.08,0,0,0,0,0.0666666666666667,0,0,0.0285714285714286,0.025,0,0,0,0,0,0.028169014084507,0,0,0,0,0,0,0,0.027027027027027,0.0212765957446809,0.0555555555555556,0,0,0,0,0,0,0,0,0.012987012987013,0,0,0.00649350649350649,0,0.037037037037037,0,0,0,0,0.125,0,0.0303030303030303,0,0.00735294117647059,0,0,0,0.0192307692307692,0,0,0
"CA G.T",0,0.0555555555555556,0.1875,0,0,0,0,0.048780487804878,0,0.05,0,0.0082815734989648,0,0,0.0909090909090909,0.04,0.0124223602484472,0,0.05,0.0151515151515152,0.0666666666666667,0.05,0,0,0,0.0181818181818182,0,0.0666666666666667,0.0222222222222222,0.0350877192982456,0,0.024390243902439,0.0178571428571429,0.0416666666666667,0.0384615384615385,0.0769230769230769,0.0344827586206897,0,0.0810810810810811,0.0851063829787234,0,0.15,0.0769230769230769,0,0,0.0416666666666667,0,0,0,0.025974025974026,0,0,0.0162337662337662,0.0714285714285714,0,0,0.0256410256410256,0.0434782608695652,0,0,0.04,0.0303030303030303,0,0.00490196078431373,0,0.0625,0,0,0.0588235294117647,0.0303030303030303,0.0192307692307692
"CA T.A",0,0,0,0,0,0,0.028169014084507,0,0.0526315789473684,0,0,0,0.0232558139534884,0,0,0,0.0062111801242236,0,0,0.0151515151515152,0.0666666666666667,0,0,0,0,0,0,0,0,0.0175438596491228,0.0422535211267606,0.0048780487804878,0,0,0.0769230769230769,0,0,0,0.027027027027027,0.0106382978723404,0,0,0.0384615384615385,0,0,0.0416666666666667,0,0.0526315789473684,0,0.025974025974026,0,0,0.00324675324675325,0,0,0,0.0512820512820513,0,0,0,0,0,0,0,0.0185185185185185,0.0625,0.0666666666666667,0.0192307692307692,0,0.0303030303030303,0.0384615384615385
"CA T.C",0.0833333333333333,0.111111111111111,0,0.133333333333333,0.0169491525423729,0.025,0.0140845070422535,0.024390243902439,0,0.1,0,0.0041407867494824,0.0465116279069767,0,0.0454545454545455,0,0,0,0.05,0.0151515151515152,0,0,0,0.0571428571428571,0.025,0.00606060606060606,0.1875,0.0333333333333333,0.0222222222222222,0.0350877192982456,0.0563380281690141,0,0.0357142857142857,0.0833333333333333,0,0,0.0344827586206897,0,0,0,0.0555555555555556,0.15,0,0,0.0526315789473684,0,0,0,0,0,0,0.04,0.00324675324675325,0.107142857142857,0.037037037037037,0,0.0256410256410256,0,0,0.125,0.04,0,0,0,0.0185185185185185,0,0,0,0,0,0.0769230769230769
"CA T.G",0,0,0,0,0,0,0,0,0,0,0,0,0,0,0,0,0,0,0,0,0,0,0,0.0285714285714286,0,0,0,0,0,0,0.028169014084507,0,0,0,0,0,0.0344827586206897,0,0,0,0,0,0,0,0,0,0,0.0526315789473684,0,0,0.0149253731343284,0,0.00324675324675325,0,0,0,0,0,0,0,0.04,0,0,0.00490196078431373,0,0,0,0,0,0,0
"CA T.T",0,0,0,0,0,0.025,0,0.024390243902439,0,0.05,0.0588235294117647,0.0082815734989648,0,0.0526315789473684,0,0,0.0062111801242236,0,0,0.0606060606060606,0,0,0,0,0,0.0181818181818182,0.0625,0.0333333333333333,0.0444444444444444,0,0.0140845070422535,0.00975609756097561,0.0178571428571429,0,0.0384615384615385,0.0769230769230769,0.0689655172413793,0.0625,0.027027027027027,0.0212765957446809,0,0,0.0384615384615385,0.05,0,0,0,0,0.0625,0.025974025974026,0.0149253731343284,0,0.00974025974025974,0.0357142857142857,0.037037037037037,0.105263157894737,0,0,0,0,0.04,0,0.0454545454545455,0.00980392156862745,0,0,0,0,0,0,0.0192307692307692
"CG A.A",0,0,0,0,0,0,0.0140845070422535,0,0,0,0,0.0020703933747412,0,0,0,0,0,0,0,0,0,0,0,0,0,0.00606060606060606,0,0,0,0,0,0,0,0,0.0384615384615385,0,0,0,0,0,0,0,0,0,0,0.0416666666666667,0,0,0,0,0,0,0.00324675324675325,0,0,0.0526315789473684,0,0,0,0,0,0.0303030303030303,0,0,0,0.0625,0,0,0,0,0
"CG A.C",0.0416666666666667,0,0,0,0,0,0,0.024390243902439,0,0,0,0,0,0.0526315789473684,0,0,0,0,0,0,0,0,0,0,0,0.00606060606060606,0,0,0.0222222222222222,0,0,0,0,0,0,0,0,0,0,0,0,0,0,0,0,0,0,0,0,0.012987012987013,0,0,0,0,0,0,0,0.0434782608695652,0,0,0,0,0,0,0.0185185185185185,0,0,0,0,0,0.0384615384615385
"CG A.G",0,0,0,0,0,0,0,0,0,0,0,0,0,0,0,0,0.0062111801242236,0,0,0,0,0,0,0,0,0,0,0,0.0222222222222222,0,0,0,0,0,0,0,0,0,0,0,0.0555555555555556,0,0,0,0,0,0,0,0.0625,0,0,0,0.00324675324675325,0,0,0,0,0.0434782608695652,0,0,0,0.0303030303030303,0,0,0,0,0,0,0,0,0
"CG A.T",0,0,0,0,0,0,0,0,0.0526315789473684,0,0,0,0,0,0,0,0.0124223602484472,0,0.1,0,0,0,0,0,0.05,0,0,0,0,0.0350877192982456,0,0.00975609756097561,0.0178571428571429,0,0,0,0,0,0,0,0,0,0.0384615384615385,0.05,0.0526315789473684,0,0,0,0,0.012987012987013,0,0,0,0,0,0,0,0,0,0,0,0,0,0,0,0,0,0,0,0.0303030303030303,0
"CG C.A",0,0,0,0,0.0169491525423729,0,0.0140845070422535,0,0,0,0,0,0,0,0,0,0,0,0,0.0151515151515152,0,0,0,0,0,0,0,0,0.0222222222222222,0.0175438596491228,0,0,0,0.0416666666666667,0,0.0384615384615385,0,0,0,0,0,0,0,0,0,0,0,0,0,0,0,0.04,0,0,0,0,0,0,0,0,0.04,0,0,0,0,0,0,0,0,0.0303030303030303,0.0192307692307692
"CG C.C",0,0,0,0,0.0169491525423729,0.05,0,0,0,0,0,0,0,0,0,0.04,0.0062111801242236,0,0,0,0,0.05,0,0,0,0,0,0,0,0,0,0,0,0,0,0,0,0,0,0.0106382978723404,0,0,0,0,0,0,0,0,0,0,0.0149253731343284,0,0,0,0,0,0,0,0,0.0625,0,0,0,0,0,0,0,0,0,0,0
"CG C.G",0,0,0,0,0,0,0,0,0,0,0,0,0,0,0,0,0,0,0,0,0,0,0,0,0,0,0,0,0,0,0,0,0,0.0416666666666667,0,0,0,0,0,0,0,0,0.0384615384615385,0,0,0,0,0,0,0,0,0,0.00324675324675325,0.0357142857142857,0,0,0,0,0,0,0,0.0303030303030303,0,0.00245098039215686,0,0,0,0,0,0,0
"CG C.T",0.0416666666666667,0,0,0,0,0.025,0.0140845070422535,0,0.0526315789473684,0,0,0,0,0.0526315789473684,0,0,0,0,0,0,0,0,0,0,0.025,0,0,0,0.0222222222222222,0.0350877192982456,0.0140845070422535,0,0.0178571428571429,0,0,0.0384615384615385,0,0,0,0,0,0,0,0,0,0,0,0,0.0625,0,0.0149253731343284,0.04,0.00324675324675325,0.0357142857142857,0,0,0,0,0,0,0,0,0,0,0.0185185185185185,0,0.0666666666666667,0,0.0588235294117647,0,0.0384615384615385
"CG G.A",0,0,0,0,0,0,0,0,0,0,0,0,0,0,0,0.04,0,0,0,0,0,0,0,0,0.025,0,0,0,0.0222222222222222,0,0,0,0,0,0,0,0,0,0,0.0106382978723404,0,0,0,0,0,0,0,0,0,0,0,0,0.00649350649350649,0,0,0,0,0,0,0,0,0,0,0,0,0,0,0,0,0,0
"CG G.C",0,0,0,0,0.0338983050847458,0,0.0140845070422535,0,0.0526315789473684,0,0,0.0041407867494824,0,0,0,0,0.0124223602484472,0,0,0.0151515151515152,0,0,0,0,0,0,0,0,0,0.0350877192982456,0,0.0048780487804878,0,0,0,0,0,0,0,0,0,0,0,0,0,0,0,0,0,0.012987012987013,0,0,0.00649350649350649,0,0,0.0526315789473684,0,0,0,0.0625,0,0.0606060606060606,0,0.00490196078431373,0,0,0,0,0,0,0
"CG G.G",0,0,0,0,0,0,0,0,0,0,0,0,0,0.0263157894736842,0,0,0,0,0,0,0,0,0,0,0,0,0,0,0,0,0,0.0048780487804878,0,0,0,0,0,0,0,0,0.0555555555555556,0,0,0,0,0,0,0,0,0,0,0,0,0,0,0,0,0,0,0,0,0,0,0,0.0185185185185185,0,0,0,0,0.0303030303030303,0
"CG G.T",0,0.111111111111111,0,0.0666666666666667,0,0.025,0.0422535211267606,0,0.105263157894737,0.1,0,0,0,0.0526315789473684,0,0,0,0,0,0,0,0,0,0,0.05,0,0,0,0.0222222222222222,0,0.0140845070422535,0,0,0,0,0,0,0,0,0,0,0,0.0384615384615385,0,0.0526315789473684,0,0,0,0,0.012987012987013,0.0149253731343284,0,0,0,0,0,0,0.0434782608695652,0,0,0,0.0303030303030303,0,0.00245098039215686,0,0,0,0,0,0.0303030303030303,0
"CG T.A",0,0,0,0.0666666666666667,0,0.05,0.0140845070422535,0,0,0.05,0,0,0,0,0,0.04,0,0,0,0.0757575757575758,0,0.05,0,0,0,0.00606060606060606,0,0,0.0222222222222222,0,0.0140845070422535,0,0,0,0,0,0,0.0625,0.027027027027027,0.0106382978723404,0,0,0,0,0,0,0,0,0,0,0.0149253731343284,0,0,0,0,0,0,0,0,0,0,0.0303030303030303,0,0,0.0555555555555556,0,0,0.0384615384615385,0.0588235294117647,0.0909090909090909,0
"CG T.C",0,0,0,0,0,0,0,0,0,0,0,0,0.0232558139534884,0.0263157894736842,0,0.04,0,0,0,0.0151515151515152,0.0666666666666667,0,0,0,0.025,0,0,0,0.0666666666666667,0,0,0,0,0,0,0,0,0,0,0.0106382978723404,0,0,0,0,0,0,0,0,0,0.025974025974026,0.0447761194029851,0,0,0,0,0.0526315789473684,0.0256410256410256,0,0,0,0,0.0303030303030303,0,0,0.0185185185185185,0,0,0,0.0588235294117647,0,0.0384615384615385
"CG T.G",0,0,0,0,0,0,0,0,0,0,0,0,0,0,0,0,0,0,0,0,0,0,0,0,0,0,0,0,0,0,0,0,0,0,0,0,0,0,0,0,0,0,0,0,0,0,0,0,0,0,0,0,0,0,0,0,0,0,0,0,0,0,0,0,0,0,0,0,0,0,0
"CG T.T",0,0,0.0625,0,0.0169491525423729,0,0.0140845070422535,0.024390243902439,0,0,0,0,0.0232558139534884,0.0526315789473684,0,0,0.0062111801242236,0,0,0.0606060606060606,0,0.05,0,0,0.025,0.00606060606060606,0,0,0.0222222222222222,0.0350877192982456,0.0140845070422535,0.0146341463414634,0,0.125,0,0.0384615384615385,0,0,0,0.0212765957446809,0.0555555555555556,0,0,0.05,0,0,0,0,0,0.012987012987013,0.0149253731343284,0,0,0,0,0,0,0,0,0,0,0.0303030303030303,0,0.00245098039215686,0.0555555555555556,0.0625,0,0.0384615384615385,0.0588235294117647,0,0.0384615384615385
"CT A.A",0.0416666666666667,0,0,0.0666666666666667,0.0169491525423729,0,0,0,0,0,0,0.0124223602484472,0.0232558139534884,0,0,0,0.0062111801242236,0.0344827586206897,0,0.0151515151515152,0,0,0,0,0.025,0,0,0,0,0.0175438596491228,0.0140845070422535,0.0048780487804878,0.0357142857142857,0,0,0,0,0,0.027027027027027,0.0638297872340425,0,0.1,0.0384615384615385,0,0,0,0.0588235294117647,0,0,0,0.0298507462686567,0,0.0162337662337662,0,0,0,0,0.130434782608696,0,0,0,0,0,0.00245098039215686,0,0,0,0.0384615384615385,0,0,0
"CT A.C",0,0,0,0,0,0,0,0,0,0,0,0.010351966873706,0.0232558139534884,0,0,0,0.0062111801242236,0,0,0.0151515151515152,0.0666666666666667,0,0,0,0,0,0.0625,0.0333333333333333,0.0222222222222222,0.0350877192982456,0,0,0,0,0,0.115384615384615,0.0344827586206897,0,0,0.0106382978723404,0,0,0,0.05,0.0526315789473684,0,0,0,0,0.0649350649350649,0.0746268656716418,0,0.0162337662337662,0,0,0.0526315789473684,0,0,0.0625,0.0625,0,0,0,0.00980392156862745,0.0185185185185185,0,0,0.0192307692307692,0,0.0303030303030303,0
"CT A.G",0,0.0555555555555556,0,0,0.0508474576271186,0.025,0,0.146341463414634,0,0.05,0.0588235294117647,0.124223602484472,0.0465116279069767,0,0.227272727272727,0.04,0.130434782608696,0.0689655172413793,0.1,0.0757575757575758,0,0.15,0.25,0.0571428571428571,0.05,0.0303030303030303,0,0,0,0.0350877192982456,0.028169014084507,0.048780487804878,0.0178571428571429,0.0833333333333333,0.0769230769230769,0,0,0.125,0.0540540540540541,0.0212765957446809,0,0.05,0,0,0.0526315789473684,0,0,0,0,0.051948051948052,0,0,0.0876623376623377,0,0.0740740740740741,0.0526315789473684,0.0256410256410256,0.130434782608696,0.0625,0.0625,0.08,0,0.0454545454545455,0.186274509803922,0.0925925925925926,0.1875,0.0666666666666667,0.153846153846154,0,0,0
"CT A.T",0,0.0555555555555556,0,0,0.0169491525423729,0,0.028169014084507,0.024390243902439,0.0526315789473684,0,0,0.0082815734989648,0,0,0.0909090909090909,0,0,0,0,0,0,0,0,0,0,0.00606060606060606,0,0,0,0.0526315789473684,0,0.00975609756097561,0.0178571428571429,0,0,0.0384615384615385,0.0344827586206897,0,0,0,0,0,0,0,0,0,0,0.0526315789473684,0,0.012987012987013,0,0,0.00324675324675325,0,0,0,0,0,0,0,0,0.0606060606060606,0,0.00980392156862745,0,0,0,0,0.0588235294117647,0,0
"CT C.A",0,0.111111111111111,0,0.0666666666666667,0,0.05,0.0140845070422535,0,0.0526315789473684,0,0.0588235294117647,0.0082815734989648,0.0232558139534884,0.0526315789473684,0,0,0.0062111801242236,0.103448275862069,0,0.0151515151515152,0,0.05,0,0.0285714285714286,0.05,0.00606060606060606,0,0,0.0222222222222222,0.0175438596491228,0,0.0195121951219512,0,0,0.0384615384615385,0,0,0,0,0,0,0,0,0.05,0,0,0,0,0,0.012987012987013,0,0.08,0.00324675324675325,0,0.037037037037037,0,0.0256410256410256,0.0434782608695652,0.0625,0.0625,0.08,0,0,0.00735294117647059,0,0,0.0666666666666667,0,0.0588235294117647,0,0.0192307692307692
"CT C.C",0,0,0,0,0,0,0,0,0,0,0,0.0124223602484472,0.0232558139534884,0.0263157894736842,0.0909090909090909,0,0,0.0344827586206897,0,0.0151515151515152,0,0,0,0.0285714285714286,0.025,0,0,0,0,0,0.0140845070422535,0.00975609756097561,0,0,0.0384615384615385,0,0,0.0625,0,0,0.0555555555555556,0,0,0,0.0526315789473684,0.0416666666666667,0.0588235294117647,0,0.0625,0.012987012987013,0.0149253731343284,0,0.00649350649350649,0,0,0,0,0,0,0,0.04,0,0,0.00245098039215686,0.0185185185185185,0,0,0,0.0588235294117647,0,0
"CT C.G",0.0833333333333333,0,0,0.0666666666666667,0.0847457627118644,0,0,0,0.105263157894737,0,0.117647058823529,0.126293995859213,0.0465116279069767,0.0263157894736842,0,0.04,0.093167701863354,0.0689655172413793,0.05,0.0303030303030303,0.2,0.1,0.15,0.0571428571428571,0.075,0.0363636363636364,0.0625,0.0333333333333333,0.0222222222222222,0,0,0.0390243902439024,0.0535714285714286,0.0416666666666667,0,0.0384615384615385,0.0689655172413793,0,0.027027027027027,0.0212765957446809,0,0.05,0.0384615384615385,0.05,0.157894736842105,0,0.176470588235294,0.0526315789473684,0.0625,0.051948051948052,0.0447761194029851,0.04,0.116883116883117,0.0357142857142857,0.0740740740740741,0.0526315789473684,0,0.0869565217391304,0.125,0.0625,0,0.0303030303030303,0.0909090909090909,0.174019607843137,0.111111111111111,0,0.133333333333333,0.0769230769230769,0.0588235294117647,0.0909090909090909,0
"CT C.T",0,0,0,0,0,0,0.0140845070422535,0.048780487804878,0,0,0.117647058823529,0.0041407867494824,0.0232558139534884,0,0,0,0.0062111801242236,0,0,0,0,0,0,0,0,0,0,0,0,0.0175438596491228,0.028169014084507,0,0.0357142857142857,0,0.0384615384615385,0,0,0,0,0,0,0,0,0,0.0526315789473684,0,0,0,0,0.012987012987013,0.0149253731343284,0,0,0.0357142857142857,0.037037037037037,0,0,0,0,0,0,0,0,0,0.037037037037037,0,0,0,0.0588235294117647,0,0.0192307692307692
"CT G.A",0,0,0,0,0.0508474576271186,0,0.0140845070422535,0,0,0.05,0,0.041407867494824,0,0,0,0.04,0.0372670807453416,0,0.05,0.0151515151515152,0,0,0,0.0285714285714286,0,0.0121212121212121,0.0625,0,0,0,0,0.0146341463414634,0.0178571428571429,0.0833333333333333,0,0,0.103448275862069,0,0,0,0,0.05,0,0,0,0,0,0,0,0,0.0298507462686567,0,0.0162337662337662,0.0357142857142857,0,0,0,0,0,0,0,0,0,0.0269607843137255,0,0.0625,0,0.0192307692307692,0.0588235294117647,0,0
"CT G.C",0.0833333333333333,0.111111111111111,0.125,0,0.101694915254237,0.025,0,0,0.0526315789473684,0,0.176470588235294,0.0455486542443064,0,0.0263157894736842,0,0.08,0.0372670807453416,0.0344827586206897,0,0.0303030303030303,0,0,0,0,0,0,0,0,0.0222222222222222,0.0350877192982456,0,0.048780487804878,0.0892857142857143,0,0,0,0,0,0,0,0.0555555555555556,0,0,0,0.0526315789473684,0,0,0.0526315789473684,0,0.025974025974026,0,0.04,0.0551948051948052,0,0.037037037037037,0,0.0256410256410256,0.0434782608695652,0.0625,0,0,0.0303030303030303,0.0454545454545455,0.0392156862745098,0.0185185185185185,0,0.0666666666666667,0.0576923076923077,0,0,0.0384615384615385
"CT G.G",0,0.0555555555555556,0,0,0.186440677966102,0.05,0.028169014084507,0.170731707317073,0,0.15,0.176470588235294,0.200828157349896,0.0930232558139535,0,0,0.04,0.161490683229814,0.0344827586206897,0,0.0606060606060606,0.0666666666666667,0.1,0.15,0.0571428571428571,0.075,0.0666666666666667,0.125,0.0333333333333333,0.0222222222222222,0,0,0.15609756097561,0.0357142857142857,0.0416666666666667,0.115384615384615,0.0384615384615385,0,0.125,0.0540540540540541,0.0212765957446809,0,0.1,0,0.05,0.0526315789473684,0,0.176470588235294,0.157894736842105,0.125,0.025974025974026,0.0447761194029851,0,0.155844155844156,0.0714285714285714,0.185185185185185,0.0526315789473684,0.0256410256410256,0.0434782608695652,0.125,0,0.12,0.0303030303030303,0,0.213235294117647,0.148148148148148,0.0625,0.0666666666666667,0.0576923076923077,0.0588235294117647,0.0606060606060606,0.0384615384615385
"CT G.T",0.0416666666666667,0,0,0,0,0.025,0.0140845070422535,0.048780487804878,0,0,0,0.020703933747412,0,0,0,0.04,0.0248447204968944,0.0689655172413793,0,0,0,0,0.05,0,0,0,0,0,0.0222222222222222,0.0175438596491228,0,0.0048780487804878,0.0178571428571429,0.0416666666666667,0,0,0,0,0,0,0.0555555555555556,0,0,0.05,0.105263157894737,0.0833333333333333,0.0588235294117647,0,0,0.012987012987013,0.0298507462686567,0,0.0194805194805195,0,0.037037037037037,0,0,0,0,0,0,0,0.0454545454545455,0.00980392156862745,0,0,0,0,0,0,0.0192307692307692
"CT T.A",0,0,0,0.0666666666666667,0,0,0.0140845070422535,0.048780487804878,0,0,0,0.0020703933747412,0.0697674418604651,0.0263157894736842,0,0,0.0062111801242236,0.0344827586206897,0.15,0.0606060606060606,0,0.05,0,0,0.075,0.00606060606060606,0,0,0.0222222222222222,0.0175438596491228,0.028169014084507,0.0048780487804878,0.0357142857142857,0,0.0384615384615385,0.0384615384615385,0.0689655172413793,0.0625,0.027027027027027,0.0425531914893617,0,0.05,0,0.05,0,0,0.0588235294117647,0.157894736842105,0,0,0.0298507462686567,0.04,0.00324675324675325,0,0,0,0,0.0434782608695652,0,0,0.04,0.0303030303030303,0.0909090909090909,0.00245098039215686,0.0185185185185185,0,0,0.0769230769230769,0,0.0303030303030303,0.0192307692307692
"CT T.C",0.0416666666666667,0,0,0.0666666666666667,0,0.025,0.0140845070422535,0.024390243902439,0,0,0,0.0062111801242236,0.0232558139534884,0,0,0,0,0,0,0.0606060606060606,0,0.05,0,0,0,0.0181818181818182,0,0,0.0222222222222222,0.087719298245614,0.028169014084507,0.024390243902439,0.0535714285714286,0.0416666666666667,0,0.0384615384615385,0.0344827586206897,0,0,0.0319148936170213,0,0,0,0,0,0,0.0588235294117647,0,0,0.025974025974026,0.0149253731343284,0.04,0.0162337662337662,0,0,0,0.0256410256410256,0,0,0.0625,0,0,0,0.00735294117647059,0.0185185185185185,0,0,0.0769230769230769,0,0,0.0384615384615385
"CT T.G",0,0,0,0,0.0338983050847458,0,0,0.048780487804878,0.0526315789473684,0,0,0.0869565217391304,0,0,0.0454545454545455,0,0.0869565217391304,0.0344827586206897,0,0.0606060606060606,0.0666666666666667,0,0.15,0,0.125,0.0424242424242424,0.0625,0,0.0666666666666667,0,0,0.00975609756097561,0,0.0833333333333333,0.0769230769230769,0,0,0.0625,0.0540540540540541,0.0106382978723404,0,0,0.115384615384615,0.05,0,0.0416666666666667,0.176470588235294,0.210526315789474,0,0.012987012987013,0.0149253731343284,0.04,0.0487012987012987,0,0.037037037037037,0.105263157894737,0,0.0434782608695652,0,0,0.04,0.0606060606060606,0.0454545454545455,0.142156862745098,0.0555555555555556,0,0,0.0769230769230769,0.0588235294117647,0.0303030303030303,0.0192307692307692
"CT T.T",0.0833333333333333,0,0,0,0.0169491525423729,0.025,0,0,0,0.05,0,0.0020703933747412,0,0,0,0,0,0,0,0,0,0,0,0,0,0.0121212121212121,0,0,0.0444444444444444,0.0175438596491228,0,0.00975609756097561,0,0,0,0,0,0,0.027027027027027,0.0106382978723404,0,0,0.0384615384615385,0,0,0,0,0,0,0.025974025974026,0.0298507462686567,0.04,0.00324675324675325,0,0,0,0.0256410256410256,0,0,0,0,0.0303030303030303,0,0,0,0.0625,0,0.0192307692307692,0,0.0303030303030303,0
"TA A.A",0,0,0,0,0,0,0,0,0,0,0,0,0,0,0,0,0,0.0344827586206897,0,0.0151515151515152,0,0,0,0,0,0,0,0,0,0,0,0.00975609756097561,0,0,0,0,0,0,0,0.0106382978723404,0,0,0,0,0,0,0,0,0,0,0,0,0.00324675324675325,0,0,0,0,0,0,0,0,0,0,0,0.0185185185185185,0,0,0.0192307692307692,0,0,0
"TA A.C",0,0,0,0,0.0169491525423729,0,0.0140845070422535,0,0,0,0,0.0020703933747412,0,0,0,0,0,0,0,0,0,0,0,0,0,0.00606060606060606,0,0,0.0222222222222222,0,0,0.0048780487804878,0.0178571428571429,0,0,0,0,0,0,0.0106382978723404,0,0,0,0,0,0,0,0,0,0,0,0,0,0,0,0,0,0,0,0,0,0,0.0454545454545455,0.0122549019607843,0,0,0,0.0192307692307692,0,0,0
"TA A.G",0,0,0,0,0,0.025,0,0,0,0,0,0,0.0232558139534884,0,0,0,0,0,0,0,0,0,0,0,0.025,0,0,0,0,0,0,0,0,0,0,0,0,0,0,0,0,0,0,0,0,0,0,0,0,0.038961038961039,0.0149253731343284,0,0.00324675324675325,0,0,0,0,0,0,0,0.04,0,0,0,0,0,0,0,0,0,0
"TA A.T",0,0,0,0,0,0.025,0,0,0,0,0,0.0041407867494824,0.0232558139534884,0,0,0,0,0,0,0,0,0,0,0,0,0.00606060606060606,0,0,0,0.0175438596491228,0,0.0146341463414634,0.0178571428571429,0,0,0,0,0,0.027027027027027,0,0,0,0,0,0,0,0,0,0,0.012987012987013,0,0,0.00974025974025974,0,0,0.0526315789473684,0,0.0434782608695652,0,0,0,0,0,0.00490196078431373,0,0,0,0,0,0,0
"TA C.A",0,0,0,0,0,0,0,0,0,0,0,0,0,0,0,0,0.0062111801242236,0,0,0,0,0,0,0.0285714285714286,0,0,0,0,0,0,0,0,0.0178571428571429,0,0,0,0,0,0,0,0.0555555555555556,0,0.0384615384615385,0,0,0,0,0,0,0,0,0,0,0,0,0,0,0,0,0,0,0,0,0,0,0,0,0,0,0,0
"TA C.C",0.0416666666666667,0,0,0,0,0,0,0,0,0,0,0.0041407867494824,0,0,0.0454545454545455,0.04,0.0062111801242236,0,0,0,0,0,0.05,0.0285714285714286,0,0.0242424242424242,0,0,0,0,0,0,0,0,0,0,0,0,0,0.0531914893617021,0,0,0,0,0,0.0833333333333333,0,0,0,0,0,0,0.00324675324675325,0,0,0,0.0256410256410256,0,0,0,0,0,0,0,0.0185185185185185,0,0,0.0192307692307692,0,0,0
"TA C.G",0,0,0,0,0,0.025,0.028169014084507,0,0,0,0,0.0020703933747412,0,0,0,0,0,0,0.05,0,0,0,0,0,0,0.00606060606060606,0,0.0666666666666667,0,0,0,0,0.0178571428571429,0.0416666666666667,0,0,0,0.0625,0,0,0,0,0,0,0,0,0,0,0,0.012987012987013,0.0149253731343284,0,0,0,0,0,0.0256410256410256,0,0,0.0625,0,0,0,0,0,0,0.0666666666666667,0,0,0.0303030303030303,0.0384615384615385
"TA C.T",0,0,0.0625,0,0,0,0.0140845070422535,0,0,0,0,0.0020703933747412,0,0,0,0,0.0062111801242236,0,0.05,0,0,0,0,0,0,0.00606060606060606,0,0,0,0.0526315789473684,0,0.0048780487804878,0,0,0,0,0,0,0,0,0,0,0,0.05,0,0.0416666666666667,0,0,0,0,0.0149253731343284,0,0.00324675324675325,0,0,0,0,0,0,0,0,0,0.0454545454545455,0,0,0,0.0666666666666667,0,0,0,0
"TA G.A",0,0,0,0,0,0,0,0,0,0,0,0,0,0.0526315789473684,0,0,0,0.0344827586206897,0,0,0,0,0,0,0,0,0,0,0,0,0,0,0,0,0,0,0.0689655172413793,0,0.027027027027027,0.0851063829787234,0,0,0,0,0,0,0,0,0,0,0,0,0,0,0,0,0,0,0,0,0,0,0,0,0,0,0,0,0,0,0
"TA G.C",0,0,0,0,0.0169491525423729,0,0,0,0,0,0,0.0020703933747412,0,0,0,0.04,0,0,0,0,0,0,0,0.0285714285714286,0,0.0242424242424242,0,0,0,0,0,0.0048780487804878,0,0,0,0,0,0,0,0,0,0,0,0,0,0,0,0,0,0,0,0,0.00649350649350649,0,0,0,0,0,0,0,0,0,0,0.00490196078431373,0,0,0,0,0,0,0
"TA G.G",0,0,0.0625,0,0,0,0,0,0,0,0,0,0,0.0263157894736842,0,0,0.0062111801242236,0,0,0,0,0,0,0,0,0,0,0.0333333333333333,0,0.0175438596491228,0,0,0,0,0,0,0.0344827586206897,0,0,0.0212765957446809,0,0,0.0384615384615385,0,0,0,0,0,0,0,0,0.04,0,0,0,0,0,0,0,0,0,0,0,0,0,0,0,0,0,0.0303030303030303,0
"TA G.T",0,0,0.0625,0,0,0,0,0,0,0,0,0.0020703933747412,0,0.0263157894736842,0,0,0,0,0,0,0,0,0,0,0,0.0121212121212121,0,0,0,0.0175438596491228,0,0.0048780487804878,0,0,0,0,0,0,0,0,0,0,0,0,0,0,0,0,0,0,0,0,0,0,0,0,0.0256410256410256,0.0434782608695652,0,0,0,0,0,0,0,0,0,0,0,0,0
"TA T.A",0,0,0,0,0,0,0,0,0,0.05,0,0,0,0,0,0,0,0,0,0.0151515151515152,0,0,0,0,0.025,0,0,0,0,0,0,0.0048780487804878,0,0,0,0,0,0,0,0.0106382978723404,0,0,0,0,0,0,0.0588235294117647,0,0,0,0,0,0,0,0,0,0,0,0,0,0,0,0,0,0,0,0,0,0,0,0.0192307692307692
"TA T.C",0,0,0.125,0.0666666666666667,0,0,0,0,0,0,0,0,0,0.0526315789473684,0,0,0,0,0,0,0,0.05,0,0,0,0,0,0,0.0222222222222222,0.0175438596491228,0,0.00975609756097561,0,0,0,0,0,0,0,0,0,0,0,0,0,0,0,0,0,0,0,0,0,0,0.037037037037037,0,0,0,0,0,0,0,0,0,0.0185185185185185,0,0,0,0.0588235294117647,0.0303030303030303,0.0192307692307692
"TA T.G",0.0416666666666667,0,0,0,0,0,0,0,0,0,0,0,0,0,0,0,0.0062111801242236,0.0344827586206897,0,0,0,0,0,0,0,0,0,0.0333333333333333,0,0,0,0,0,0,0,0,0,0,0,0,0,0,0,0,0,0,0,0,0.0625,0,0,0,0,0,0,0,0,0,0,0,0,0,0,0,0,0,0,0,0,0,0
"TA T.T",0,0,0,0,0,0,0,0,0,0.1,0,0,0,0,0,0,0,0,0,0,0,0,0,0,0,0.00606060606060606,0,0,0,0,0,0,0,0,0.0384615384615385,0,0,0,0,0,0,0,0,0,0,0,0,0,0,0,0,0,0.00324675324675325,0,0,0,0.0512820512820513,0,0,0,0,0.0303030303030303,0,0,0,0,0,0,0,0.0303030303030303,0
"TC A.A",0,0,0,0,0,0.025,0.0422535211267606,0,0,0,0,0.0020703933747412,0.0232558139534884,0,0,0,0.0062111801242236,0,0,0,0,0,0,0,0,0,0.0625,0,0.0444444444444444,0,0,0.0195121951219512,0,0,0,0,0,0,0,0,0,0.05,0,0,0,0.0416666666666667,0,0,0,0.012987012987013,0.0298507462686567,0,0.00324675324675325,0,0,0,0,0,0,0,0,0.0606060606060606,0,0.00490196078431373,0,0,0,0,0,0,0.0192307692307692
"TC A.C",0,0,0,0,0,0,0.0140845070422535,0,0,0,0,0.0020703933747412,0,0,0,0,0.0186335403726708,0,0.05,0.0151515151515152,0,0,0,0,0,0.00606060606060606,0,0,0.0222222222222222,0,0,0.0292682926829268,0,0,0.0384615384615385,0.0384615384615385,0,0,0,0,0,0,0,0,0,0,0.0588235294117647,0,0,0.012987012987013,0.0298507462686567,0,0.0162337662337662,0,0,0,0,0,0,0,0,0.0303030303030303,0,0.00245098039215686,0,0,0,0,0,0.0303030303030303,0.0384615384615385
"TC A.G",0,0,0,0,0.0169491525423729,0.025,0.0140845070422535,0,0,0,0.0588235294117647,0.0165631469979296,0,0,0,0,0,0.0344827586206897,0,0.0151515151515152,0,0,0,0,0.025,0.00606060606060606,0,0,0,0,0,0.0292682926829268,0.0178571428571429,0,0,0,0,0,0,0,0,0,0,0,0,0,0,0,0,0.012987012987013,0.0298507462686567,0,0.0324675324675325,0,0,0,0,0,0.0625,0,0.04,0,0,0,0,0,0,0,0,0,0.0192307692307692
"TC A.T",0,0,0,0,0,0,0.028169014084507,0,0,0,0,0,0,0,0,0,0.0124223602484472,0,0.05,0,0,0,0,0,0,0,0,0,0,0.0175438596491228,0,0.00975609756097561,0,0,0,0.0384615384615385,0,0,0,0,0,0,0,0,0,0,0,0.0526315789473684,0.0625,0.025974025974026,0,0,0.00324675324675325,0,0,0.0526315789473684,0,0.0434782608695652,0,0,0,0,0,0,0,0.0625,0,0,0,0,0
"TC C.A",0,0,0,0,0,0,0.0140845070422535,0,0,0,0,0.0041407867494824,0,0,0,0,0,0,0,0,0,0,0,0,0,0,0,0,0,0,0,0.0195121951219512,0,0,0,0,0,0,0,0,0,0,0,0,0,0.0416666666666667,0.0588235294117647,0,0,0,0,0,0.00649350649350649,0,0,0,0,0,0,0,0,0,0,0,0,0,0,0,0,0,0
"TC C.C",0,0,0,0.0666666666666667,0,0.05,0.0563380281690141,0,0,0,0,0.0082815734989648,0.0465116279069767,0,0.0454545454545455,0,0.0124223602484472,0.0344827586206897,0,0,0,0,0,0,0,0.0303030303030303,0,0,0,0,0.0140845070422535,0.0195121951219512,0.0178571428571429,0,0,0,0,0,0,0,0,0,0,0,0,0.0416666666666667,0,0,0.0625,0.012987012987013,0.0298507462686567,0,0.00974025974025974,0,0,0,0,0,0,0,0,0,0,0,0,0,0,0,0,0,0
"TC C.G",0,0,0,0,0.0169491525423729,0.025,0.028169014084507,0,0,0,0,0.0269151138716356,0,0.0526315789473684,0,0,0.031055900621118,0.0689655172413793,0.05,0.0151515151515152,0,0,0.05,0,0,0.0121212121212121,0,0,0.0222222222222222,0.0175438596491228,0,0.0536585365853659,0,0.0416666666666667,0,0,0,0,0,0.0106382978723404,0,0,0,0,0,0,0,0,0,0.038961038961039,0.0298507462686567,0,0.0357142857142857,0.0714285714285714,0,0.0526315789473684,0.0512820512820513,0,0.0625,0,0,0,0.0454545454545455,0.00245098039215686,0,0,0,0,0,0.0303030303030303,0
"TC C.T",0.0416666666666667,0,0,0,0,0,0.0140845070422535,0.024390243902439,0,0,0,0.0020703933747412,0,0.0263157894736842,0.0454545454545455,0,0,0,0,0,0,0,0,0.0285714285714286,0,0.0666666666666667,0,0.0333333333333333,0,0,0,0.024390243902439,0,0.0416666666666667,0,0,0,0,0,0,0,0,0,0.05,0,0,0,0,0,0.012987012987013,0.0447761194029851,0,0.00324675324675325,0,0,0,0.0512820512820513,0,0,0,0,0,0,0,0.0185185185185185,0,0.0666666666666667,0,0,0,0
"TC G.A",0,0.0555555555555556,0,0,0.0169491525423729,0,0.0563380281690141,0.024390243902439,0.0526315789473684,0,0,0.0186335403726708,0.0232558139534884,0,0,0,0.0062111801242236,0,0.05,0.0151515151515152,0.0666666666666667,0,0,0,0.025,0.0121212121212121,0,0,0,0,0.0140845070422535,0.048780487804878,0,0,0,0,0,0,0,0,0,0,0,0,0,0,0,0,0,0.025974025974026,0,0.08,0.0227272727272727,0,0,0,0,0,0,0,0.04,0,0,0.00735294117647059,0,0,0,0,0,0.0303030303030303,0
"TC G.C",0,0,0,0,0,0.025,0.0845070422535211,0,0,0,0,0.020703933747412,0.0465116279069767,0,0.0454545454545455,0,0.0124223602484472,0.0344827586206897,0,0,0,0,0.05,0,0,0.00606060606060606,0,0,0,0,0.0140845070422535,0.0439024390243902,0,0.0416666666666667,0,0,0.0344827586206897,0.0625,0,0.0106382978723404,0,0,0,0,0,0,0,0,0,0,0.0149253731343284,0,0.012987012987013,0,0.037037037037037,0,0,0,0,0,0,0,0,0.00490196078431373,0.037037037037037,0,0,0,0,0,0
"TC G.G",0,0,0.0625,0,0.0169491525423729,0,0.028169014084507,0,0,0,0,0.0165631469979296,0,0,0,0,0.0248447204968944,0,0.05,0,0,0,0,0,0.025,0,0,0,0,0,0,0.048780487804878,0,0,0,0,0,0,0,0.0212765957446809,0.0555555555555556,0,0,0,0,0.0416666666666667,0,0,0.0625,0.012987012987013,0.0149253731343284,0.04,0.012987012987013,0,0,0,0,0,0,0,0,0,0,0.00980392156862745,0,0,0,0,0,0,0
"TC G.T",0,0,0,0,0,0,0.0422535211267606,0,0,0,0,0.0062111801242236,0,0,0.0454545454545455,0,0,0.0344827586206897,0,0,0,0,0,0,0,0.00606060606060606,0,0,0.0222222222222222,0,0,0.0195121951219512,0,0,0.115384615384615,0,0,0,0,0.0212765957446809,0,0,0,0,0.0526315789473684,0,0,0,0,0.012987012987013,0,0.04,0.00974025974025974,0,0,0,0,0,0,0,0,0.0303030303030303,0,0,0,0,0,0.0192307692307692,0,0,0
"TC T.A",0.0416666666666667,0,0,0,0,0.05,0,0,0.0526315789473684,0,0.0588235294117647,0.0041407867494824,0,0,0.0454545454545455,0,0.0062111801242236,0.0344827586206897,0,0,0,0,0,0,0,0,0,0,0,0,0,0.0048780487804878,0,0,0,0,0,0,0,0,0,0,0,0,0.0526315789473684,0,0,0,0,0.012987012987013,0.0149253731343284,0.04,0.00649350649350649,0,0,0,0,0,0,0,0,0,0,0,0,0,0,0,0,0.0909090909090909,0.0192307692307692
"TC T.C",0,0,0,0,0,0,0.028169014084507,0,0,0,0,0,0,0,0,0,0,0,0,0,0,0,0,0.0285714285714286,0,0,0,0,0.0222222222222222,0,0,0.0048780487804878,0,0,0,0,0,0,0,0,0,0,0,0,0,0,0,0,0,0.012987012987013,0.0149253731343284,0,0,0,0,0,0.128205128205128,0,0,0,0.04,0,0,0.00490196078431373,0,0,0,0.0384615384615385,0.0588235294117647,0,0
"TC T.G",0,0,0,0,0,0,0.0140845070422535,0,0,0,0,0.010351966873706,0,0,0,0,0.0124223602484472,0.0344827586206897,0,0,0,0,0,0,0.025,0,0,0,0,0,0,0.0146341463414634,0,0,0,0,0,0,0,0,0,0,0,0,0,0,0,0,0,0,0,0.08,0.00324675324675325,0,0.037037037037037,0,0,0,0,0,0,0,0,0.00490196078431373,0,0,0,0,0,0,0
"TC T.T",0,0,0,0,0,0,0,0,0,0,0,0.0020703933747412,0.0232558139534884,0,0,0,0.0124223602484472,0,0,0,0,0,0,0,0,0,0,0,0,0,0,0.0048780487804878,0.0357142857142857,0,0,0,0,0,0,0,0,0,0,0,0,0,0,0,0,0,0,0,0,0,0,0,0,0.0434782608695652,0,0,0,0,0,0.00245098039215686,0,0,0,0,0,0,0
"TG A.A",0,0,0,0,0,0,0,0,0,0,0,0,0,0,0,0.04,0.0062111801242236,0,0,0,0,0,0,0,0,0,0,0,0,0,0,0,0.0178571428571429,0,0,0,0,0,0,0,0,0,0,0,0,0,0,0,0,0.012987012987013,0.0149253731343284,0,0.00324675324675325,0,0,0,0,0,0,0,0,0,0,0,0,0,0,0,0,0,0
"TG A.C",0,0,0,0,0,0,0,0,0,0,0,0,0,0,0,0,0,0,0,0,0,0,0,0,0,0,0,0,0,0,0,0.0048780487804878,0,0,0,0,0,0,0,0,0,0,0,0,0,0,0,0,0,0,0,0,0,0,0,0,0.0256410256410256,0,0,0,0,0,0,0.00490196078431373,0,0,0,0,0,0,0.0192307692307692
"TG A.G",0,0,0,0,0,0,0,0,0,0,0,0,0,0,0,0,0,0,0,0,0,0,0,0,0.025,0,0,0,0,0,0.0140845070422535,0.0048780487804878,0,0,0,0,0,0,0,0,0,0,0,0,0,0,0,0,0,0.012987012987013,0,0,0,0,0,0,0,0,0,0,0,0,0,0,0,0,0,0,0,0,0
"TG A.T",0,0,0,0,0,0,0.0140845070422535,0.024390243902439,0,0,0,0,0,0,0,0,0.0062111801242236,0,0,0.0151515151515152,0,0,0.05,0,0,0.0181818181818182,0,0,0,0,0,0,0,0,0,0,0,0,0,0,0,0,0.0384615384615385,0,0,0,0,0,0,0,0,0,0,0,0,0,0,0,0,0,0,0,0,0.00245098039215686,0.0185185185185185,0,0,0,0,0,0
"TG C.A",0,0,0,0,0,0,0,0,0,0,0,0,0,0,0,0,0.0062111801242236,0,0,0,0.0666666666666667,0,0,0,0,0,0,0,0,0.0175438596491228,0,0,0,0,0,0,0,0,0,0,0,0,0,0,0,0,0,0,0,0,0,0,0,0,0,0,0,0,0,0,0,0,0,0,0,0.0625,0,0,0,0,0
"TG C.C",0.0416666666666667,0,0,0.0666666666666667,0,0.025,0,0,0,0,0,0.0041407867494824,0,0.0263157894736842,0,0,0.0062111801242236,0,0,0,0,0,0,0,0,0.0303030303030303,0,0,0,0.0175438596491228,0.0140845070422535,0.0048780487804878,0,0,0,0,0,0,0,0,0.0555555555555556,0,0,0.05,0,0,0,0,0,0,0,0.04,0.00324675324675325,0,0,0,0.0256410256410256,0,0,0,0,0.0606060606060606,0,0.00735294117647059,0,0,0,0.0192307692307692,0,0.0303030303030303,0
"TG C.G",0,0,0,0,0,0.025,0,0,0,0,0,0.0062111801242236,0,0,0,0,0,0,0,0.0303030303030303,0,0.05,0,0.0285714285714286,0,0.0181818181818182,0,0,0.0222222222222222,0,0,0.0048780487804878,0,0.0416666666666667,0,0,0,0,0.027027027027027,0.0106382978723404,0,0,0,0,0,0,0,0,0.0625,0,0.0149253731343284,0,0.00974025974025974,0.0357142857142857,0,0,0.0256410256410256,0.0434782608695652,0,0,0.04,0,0.0454545454545455,0.00245098039215686,0,0,0,0,0,0,0.0192307692307692
"TG C.T",0,0,0,0,0,0.025,0,0.0731707317073171,0,0,0,0.0062111801242236,0,0.0263157894736842,0,0,0,0,0,0.0151515151515152,0,0,0.05,0,0,0.23030303030303,0,0.0333333333333333,0,0.0175438596491228,0,0.00975609756097561,0.0714285714285714,0,0,0,0,0,0,0,0,0,0,0.2,0,0,0,0,0.0625,0,0,0,0.012987012987013,0,0,0,0.17948717948718,0,0,0,0.04,0,0.0454545454545455,0.00245098039215686,0.0185185185185185,0,0,0,0,0,0.0192307692307692
"TG G.A",0,0,0,0,0,0,0,0,0,0,0,0,0,0.0263157894736842,0,0,0,0,0,0,0,0,0,0,0,0,0,0,0,0,0.0422535211267606,0,0,0,0,0.0769230769230769,0,0,0.027027027027027,0,0,0,0,0,0,0.0416666666666667,0,0,0.0625,0,0,0,0,0,0,0,0,0,0,0,0,0,0,0,0,0,0,0,0,0,0.0192307692307692
"TG G.C",0,0,0,0,0,0,0,0,0,0,0,0,0,0,0,0,0,0,0,0,0,0,0,0,0,0.00606060606060606,0,0,0,0,0.0140845070422535,0,0,0,0.0384615384615385,0,0,0,0,0,0,0,0,0,0,0,0,0,0,0,0.0149253731343284,0,0.00324675324675325,0,0,0,0,0,0,0,0,0,0,0.00245098039215686,0,0,0,0,0,0,0
"TG G.G",0,0,0.0625,0,0,0,0,0,0,0,0,0,0,0.0263157894736842,0,0,0.0062111801242236,0,0,0,0,0,0,0,0,0,0,0,0.0444444444444444,0,0.0985915492957746,0.0048780487804878,0,0,0,0,0,0,0,0,0,0.05,0,0,0,0,0,0,0,0,0,0,0,0,0,0.0526315789473684,0,0,0,0,0,0,0,0,0,0,0,0,0,0,0.0192307692307692
"TG G.T",0,0,0,0,0,0,0,0,0,0.05,0,0.0020703933747412,0,0,0,0,0,0,0,0,0,0,0,0,0.025,0.0545454545454545,0,0,0.0222222222222222,0,0.0140845070422535,0,0.0178571428571429,0,0,0,0,0,0,0,0,0,0,0,0,0,0,0,0,0.025974025974026,0.0298507462686567,0,0,0,0,0,0.0256410256410256,0,0,0,0,0,0,0,0,0,0,0,0,0.0303030303030303,0.0192307692307692
"TG T.A",0,0,0,0,0,0,0,0,0,0,0,0,0,0.0263157894736842,0,0,0,0,0,0,0,0,0,0,0,0.00606060606060606,0,0,0,0,0,0,0.0178571428571429,0,0,0,0,0,0,0,0,0,0,0,0,0,0,0,0,0,0,0,0,0,0,0,0,0,0,0,0,0,0,0,0,0,0,0,0,0,0
"TG T.C",0,0,0,0,0,0,0,0,0,0,0,0,0,0,0,0,0,0,0,0,0,0,0,0,0,0.00606060606060606,0,0,0,0,0,0,0,0,0,0,0,0,0,0,0,0,0,0,0,0,0,0,0,0,0,0,0,0,0,0,0,0,0,0,0,0,0,0,0,0,0,0,0,0,0
"TG T.G",0,0.0555555555555556,0,0,0,0,0,0,0,0,0,0,0,0,0,0,0,0,0,0,0.0666666666666667,0,0,0,0,0,0,0,0,0,0,0,0,0,0,0,0,0,0,0,0,0,0,0,0,0,0,0,0,0,0.0149253731343284,0,0,0,0,0,0,0,0,0,0,0,0,0.00490196078431373,0,0,0,0,0.0588235294117647,0,0
"TG T.T",0,0,0.0625,0,0,0,0,0,0,0,0,0.0041407867494824,0,0,0,0,0,0,0,0,0,0,0,0.0285714285714286,0,0.0363636363636364,0,0,0,0.0175438596491228,0.0140845070422535,0.0048780487804878,0.0178571428571429,0,0,0,0,0,0,0,0,0,0,0.05,0,0,0,0,0,0,0,0,0.00324675324675325,0,0,0,0.0256410256410256,0,0,0,0,0,0,0,0.037037037037037,0,0.0666666666666667,0,0,0,0
